[
    {
        "id": 1,
        "name": "Ursa",
        "location": "Assagao",
        "type": "flowmeter",
        "position": "1"
    },
    {
        "id": 2,
        "name": "Capricorn",
        "location": "Aldona",
        "type": "flowmeter",
        "position": "1.1"
    },
    {
        "id": 3,
        "name": "Orion",
        "location": "Saligao",
        "type": "flowmeter",
        "position": "1.2"
    },
    {
        "id": 4,
        "name": "Perseus",
        "location": "Siolim",
        "type": "flowmeter",
        "position": "1.3"
    },
    {
        "id": 5,
        "name": "Corona",
        "location": "Anjuna",
        "type": "flowmeter",
        "position": "1.1.1"
    },
    {
        "id": 6,
        "name": "Hydra",
        "location": "Candolim",
        "type": "flowmeter",
        "position": "1.2.1"
    },
    {
        "id": 7,
        "name": "Aquarius",
        "location": "Pernem",
        "type": "flowmeter",
        "position": "1.2.2"
    },
    {
        "id": 8,
        "name": "Omicron",
        "location": "Tivim",
        "type": "flowmeter",
        "position": "1.2.3"
    },
    {
        "id": 9,
        "name": "Nu",
        "location": "Pilerne",
        "type": "flowmeter",
        "position": "1.2.4"
    },
    {
        "id": 10,
        "name": "Cassiopeia",
        "location": "Calangute",
        "type": "flowmeter",
        "position": "1.3.1"
    },
    {
        "id": 11,
        "name": "Lyra",
        "location": "Loutolim",
        "type": "flowmeter",
        "position": "1.3.2"
    },
    {
        "id": 12,
        "name": "Ursa",
        "location": "Verna",
        "type": "flowmeter",
        "position": "1.3.3"
    },
    {
        "id": 13,
        "name": "Aquila",
        "location": "Benaulim",
        "type": "flowmeter",
        "position": "1.3.4"
    },
    {
        "id": 14,
        "name": "Leo",
        "location": "Betalbatim",
        "type": "flowmeter",
        "position": "1.4"
    },
    {
        "id": 15,
        "name": "Psi",
        "location": "Colva",
        "type": "flowmeter",
        "position": "1.4.1"
    },
    {
        "id": 16,
        "name": "Libra",
        "location": "Cansaulim",
        "type": "flowmeter",
        "position": "1.4.2"
    },
    {
        "id": 17,
        "name": "Nu",
        "location": "Majorda",
        "type": "flowmeter",
        "position": "1.4.4"
    },
    {
        "id": 18,
        "name": "Alpha",
        "location": "Nuvem",
        "type": "flowmeter",
        "position": "2"
    },
    {
        "id": 19,
        "name": "Virgo",
        "location": "Chorao",
        "type": "flowmeter",
        "position": "2.1"
    },
    {
        "id": 20,
        "name": "Pisces",
        "location": "Divar",
        "type": "flowmeter",
        "position": "2.2"
    },
    {
        "id": 21,
        "name": "Centaurus",
        "location": "Assagao",
        "type": "flowmeter",
        "position": "2.3"
    },
    {
        "id": 22,
        "name": "Pi",
        "location": "Aldona",
        "type": "flowmeter",
        "position": "2.4"
    },
    {
        "id": 23,
        "name": "Corona",
        "location": "Saligao",
        "type": "flowmeter",
        "position": "2.1.1"
    },
    {
        "id": 24,
        "name": "Pegasus",
        "location": "Siolim",
        "type": "flowmeter",
        "position": "2.1.2"
    },
    {
        "id": 25,
        "name": "Pisces",
        "location": "Anjuna",
        "type": "flowmeter",
        "position": "2.1.3"
    },
    {
        "id": 26,
        "name": "Rho",
        "location": "Candolim",
        "type": "flowmeter",
        "position": "2.2.1"
    },
    {
        "id": 27,
        "name": "Rho",
        "location": "Pernem",
        "type": "flowmeter",
        "position": "2.2.2"
    },
    {
        "id": 28,
        "name": "Beta",
        "location": "Tivim",
        "type": "flowmeter",
        "position": "2.2.3"
    },
    {
        "id": 29,
        "name": "Sagittarius",
        "location": "Pilerne",
        "type": "flowmeter",
        "position": "2.2.4"
    },
    {
        "id": 30,
        "name": "Psi",
        "location": "Calangute",
        "type": "flowmeter",
        "position": "3.1"
    },
    {
        "id": 31,
        "name": "Eta",
        "location": "Loutolim",
        "type": "flowmeter",
        "position": "3.2"
    },
    {
        "id": 32,
        "name": "Pisces",
        "location": "Verna",
        "type": "flowmeter",
        "position": "3.3"
    },
    {
        "id": 33,
        "name": "Aquarius",
        "location": "Benaulim",
        "type": "flowmeter",
        "position": "3.4"
    },
    {
        "id": 34,
        "name": "Nu",
        "location": "Betalbatim",
        "type": "flowmeter",
        "position": "3.1.1"
    },
    {
        "id": 35,
        "name": "Cassiopeia",
        "location": "Colva",
        "type": "flowmeter",
        "position": "3.1.2"
    },
    {
        "id": 36,
        "name": "Virgo",
        "location": "Cansaulim",
        "type": "flowmeter",
        "position": "3.1.3"
    },
    {
        "id": 37,
        "name": "Leo",
        "location": "Majorda",
        "type": "flowmeter",
        "position": "3.1.4"
    },
    {
        "id": 38,
        "name": "Alpha",
        "location": "Nuvem",
        "type": "flowmeter",
        "position": "3.2.1"
    },
    {
        "id": 39,
        "name": "Phi",
        "location": "Chorao",
        "type": "flowmeter",
        "position": "3.2.2"
    },
    {
        "id": 40,
        "name": "Mu",
        "location": "Divar",
        "type": "flowmeter",
        "position": "3.2.3"
    },
    {
        "id": 41,
        "name": "Lambda",
        "location": "Assagao",
        "type": "flowmeter",
        "position": "3.2.4"
    },
    {
        "id": 42,
        "name": "Perseus",
        "location": "Aldona",
        "type": "flowmeter",
        "position": "3.3.1"
    },
    {
        "id": 43,
        "name": "Zeta",
        "location": "Saligao",
        "type": "flowmeter",
        "position": "3.3.2"
    },
    {
        "id": 44,
        "name": "Andromeda",
        "location": "Siolim",
        "type": "flowmeter",
        "position": "3.3.3"
    },
    {
        "id": 45,
        "name": "Gemini",
        "location": "Anjuna",
        "type": "flowmeter",
        "position": "3.3.4"
    },
    {
        "id": 46,
        "name": "Aries",
        "location": "Candolim",
        "type": "flowmeter",
        "position": "3.3.5"
    },
    {
        "id": 47,
        "name": "Chi",
        "location": "Pernem",
        "type": "flowmeter",
        "position": "1.4.5"
    },
    {
        "id": 48,
        "name": "Vela",
        "location": "Tivim",
        "type": "flowmeter",
        "position": "1.4.6"
    },
    {
        "id": 49,
        "name": "Vela",
        "location": "Tivim",
        "type": "flowmeter",
        "position": "3"
    }
]
    